{
  "timestep": "1_week",
  "weeks_per_month_assumed": 4.345,
  "countries": {
    "USA": {
      "states": ["NORMAL","ELECTION_CYCLE","ECON_STRESS","MARKET_VOLATILITY","SECURITY_SHOCK","NATURAL_DISASTER","ALLIANCE_COORDINATION"],
      "P_rows_in_state_order": {
        "NORMAL": [0.92119,0.00525,0.02627,0.01576,0.01576,0.00788,0.00789],
        "ELECTION_CYCLE": [0.02526,0.94442,0.01516,0.00505,0.00505,0.00253,0.00253],
        "ECON_STRESS": [0.03121,0.0052,0.92718,0.02081,0.0078,0.0026,0.0052],
        "MARKET_VOLATILITY": [0.03328,0.00277,0.04991,0.88908,0.01109,0.00555,0.00832],
        "SECURITY_SHOCK": [0.08255,0.0066,0.02312,0.01981,0.78536,0.00991,0.07265],
        "NATURAL_DISASTER": [0.11091,0.00634,0.03803,0.01901,0.00951,0.80987,0.00633],
        "ALLIANCE_COORDINATION": [0.07141,0.00571,0.01143,0.00857,0.02285,0.00857,0.87146]
      }
    },
    "INDIA": {
      "states": ["NORMAL","ELECTION_CYCLE","BORDER_TENSION","FOOD_INFLATION","COALITION_TIGHT","INTERNAL_SECURITY_SHOCK","GREAT_POWER_BALANCING"],
      "P_rows_in_state_order": {
        "NORMAL": [0.91507,0.00398,0.01858,0.02389,0.01327,0.01062,0.01459],
        "ELECTION_CYCLE": [0.02232,0.95535,0.00248,0.00744,0.00744,0.00248,0.00249],
        "BORDER_TENSION": [0.03152,0.00263,0.92119,0.00788,0.00525,0.01576,0.01577],
        "FOOD_INFLATION": [0.03716,0.00531,0.00796,0.91507,0.01593,0.00531,0.01326],
        "COALITION_TIGHT": [0.05394,0.00809,0.00539,0.01348,0.90561,0.0027,0.01079],
        "INTERNAL_SECURITY_SHOCK": [0.09507,0.00634,0.03169,0.01584,0.01584,0.80987,0.02535],
        "GREAT_POWER_BALANCING": [0.04161,0.0026,0.0104,0.0078,0.0052,0.0052,0.92719]
      }
    },
    "EU": {
      "states": ["UNITY_HIGH","UNITY_LOW","ELECTION_WAVE","ENERGY_SHOCK","MIGRATION_PRESSURE","HYBRID_THREAT","INDUSTRIAL_PRESSURE"],
      "P_rows_in_state_order": {
        "UNITY_HIGH": [0.93593,0.01794,0.00769,0.01025,0.01025,0.01025,0.00769],
        "UNITY_LOW": [0.03152,0.92119,0.01313,0.00788,0.01051,0.00788,0.00789],
        "ELECTION_WAVE": [0.02773,0.04159,0.88908,0.01109,0.01664,0.00555,0.00832],
        "ENERGY_SHOCK": [0.02857,0.02285,0.00857,0.87145,0.02,0.01428,0.03428],
        "MIGRATION_PRESSURE": [0.02157,0.03236,0.01348,0.00809,0.90561,0.01079,0.0081],
        "HYBRID_THREAT": [0.05898,0.02949,0.0118,0.01769,0.01475,0.85255,0.01474],
        "INDUSTRIAL_PRESSURE": [0.02697,0.01888,0.00809,0.02697,0.00809,0.00539,0.90561]
      }
    },
    "SAUDI_ARABIA": {
      "states": ["OIL_COMFORT","OIL_STRESS","REGIONAL_ESCALATION","REFORM_DELIVERY_CRUNCH","INFRA_ATTACK_RISK","GREAT_POWER_HEDGING","DOMESTIC_STABILITY_SENSITIVE"],
      "P_rows_in_state_order": {
        "OIL_COMFORT": [0.94994,0.02002,0.00501,0.01001,0.0025,0.01001,0.00251],
        "OIL_STRESS": [0.02526,0.94442,0.00505,0.01263,0.00253,0.00758,0.00253],
        "REGIONAL_ESCALATION": [0.02218,0.01386,0.88908,0.00832,0.01664,0.03328,0.01664],
        "REFORM_DELIVERY_CRUNCH": [0.01794,0.01538,0.00513,0.93593,0.00256,0.00769,0.01537],
        "INFRA_ATTACK_RISK": [0.02442,0.01526,0.05494,0.0061,0.83212,0.03052,0.03664],
        "GREAT_POWER_HEDGING": [0.02627,0.01576,0.01313,0.01051,0.00525,0.92119,0.00789],
        "DOMESTIC_STABILITY_SENSITIVE": [0.02123,0.01327,0.00796,0.03185,0.00265,0.00796,0.91508]
      }
    },
    "IRAN": {
      "states": ["SANCTIONS_HIGH","NEGOTIATION_WINDOW","DOMESTIC_UNREST","PROXY_ESCALATION","ECONOMIC_CRISIS","RETALIATION_CYCLE","NATURAL_DISASTER"],
      "P_rows_in_state_order": {
        "SANCTIONS_HIGH": [0.95535,0.0124,0.00744,0.00496,0.01488,0.00248,0.00249],
        "NEGOTIATION_WINDOW": [0.04991,0.88908,0.02218,0.01664,0.01386,0.00555,0.00278],
        "DOMESTIC_UNREST": [0.03236,0.01079,0.90561,0.01348,0.02697,0.00809,0.0027],
        "PROXY_ESCALATION": [0.03367,0.01122,0.02244,0.88217,0.01122,0.03367,0.00561],
        "ECONOMIC_CRISIS": [0.03075,0.00769,0.01538,0.00513,0.93593,0.00256,0.00256],
        "RETALIATION_CYCLE": [0.03539,0.01475,0.02359,0.05308,0.0118,0.85255,0.00884],
        "NATURAL_DISASTER": [0.05704,0.01584,0.03169,0.01268,0.06338,0.00951,0.80986]
      }
    },
    "UK": {
      "states": ["NORMAL","ELECTION_CYCLE","GOV_STABILITY_LOW","COST_OF_LIVING_STRESS","SECURITY_SHOCK","TRADE_PUSH","NATURAL_DISASTER"],
      "P_rows_in_state_order": {
        "NORMAL": [0.92718,0.0052,0.0182,0.02601,0.0104,0.0078,0.00521],
        "ELECTION_CYCLE": [0.03032,0.94442,0.01011,0.00758,0.00253,0.00253,0.00251],
        "GOV_STABILITY_LOW": [0.04247,0.00796,0.91507,0.01858,0.00796,0.00531,0.00265],
        "COST_OF_LIVING_STRESS": [0.03605,0.00515,0.01288,0.93305,0.00515,0.00515,0.00257],
        "SECURITY_SHOCK": [0.0966,0.00966,0.0322,0.02576,0.80036,0.02254,0.01288],
        "TRADE_PUSH": [0.04729,0.00263,0.00788,0.01313,0.00525,0.92119,0.00263],
        "NATURAL_DISASTER": [0.1061,0.00624,0.0156,0.03745,0.00936,0.00624,0.81901]
      }
    },
    "CHINA": {
      "states": ["GROWTH_STRONG","GROWTH_SLOWDOWN","ELITE_SIGNALING","FLASHPOINT_TENSION","TECH_TRADE_PRESSURE","SOCIAL_STABILITY_SENSITIVE","DIPLOMATIC_OUTREACH"],
      "P_rows_in_state_order": {
        "GROWTH_STRONG": [0.95535,0.01736,0.00248,0.00744,0.00992,0.00248,0.00497],
        "GROWTH_SLOWDOWN": [0.01502,0.94994,0.0025,0.0025,0.01001,0.01502,0.00501],
        "ELITE_SIGNALING": [0.02627,0.02102,0.92119,0.01313,0.00788,0.00263,0.00788],
        "FLASHPOINT_TENSION": [0.01919,0.01371,0.00823,0.89582,0.02742,0.01371,0.02192],
        "TECH_TRADE_PRESSURE": [0.01011,0.01516,0.00253,0.00758,0.94442,0.00505,0.01515],
        "SOCIAL_STABILITY_SENSITIVE": [0.01281,0.02563,0.00256,0.00513,0.00769,0.93593,0.01025],
        "DIPLOMATIC_OUTREACH": [0.02123,0.01593,0.00531,0.01062,0.02654,0.00531,0.91506]
      }
    },
    "RUSSIA": {
      "states": ["SANCTIONS_ISOLATION_HIGH","CONFLICT_ESCALATION","ENERGY_REVENUE_SURGE","ENERGY_REVENUE_STRESS","ELITE_COHESION_RISK","LEGITIMACY_MANAGEMENT","DOMESTIC_SECURITY_SHOCK"],
      "P_rows_in_state_order": {
        "SANCTIONS_ISOLATION_HIGH": [0.96846,0.00971,0.00485,0.00728,0.00243,0.00485,0.00242],
        "CONFLICT_ESCALATION": [0.01263,0.94442,0.00253,0.00758,0.00253,0.02021,0.0101],
        "ENERGY_REVENUE_SURGE": [0.01502,0.01001,0.94994,0.00751,0.00751,0.00751,0.0025],
        "ENERGY_REVENUE_STRESS": [0.02021,0.00758,0.00253,0.94442,0.00758,0.01516,0.00252],
        "ELITE_COHESION_RISK": [0.00992,0.00496,0.00248,0.00248,0.95535,0.01984,0.00497],
        "LEGITIMACY_MANAGEMENT": [0.01251,0.01502,0.0025,0.0025,0.01001,0.94994,0.00752],
        "DOMESTIC_SECURITY_SHOCK": [0.03052,0.05494,0.00916,0.01221,0.01526,0.04578,0.83213]
      }
    }
  }
}
